{
  "name": "koboldpressogl",
  "title": "Kobold Press OGL Compendium",
  "description": "Content from kpogl.wikidot.com converted automatically",
  "version": "0.26",
  "author": "Deuce",
  "manifest": "https://bhorrock.github.io/fvtt-kp-ogl/module.json",
  "download": "http://bhorrock.github.io/fvtt-kp-ogl/koboldpressogl.zip",
  "systems": [
    {
      "id": "dnd5e",
      "type": "system",
      "compatibility": {
        "minimum": "2.0.1",
        "verified": "2.2.1"
      }
    }
  ],
  "styles": [],
  "packs": [
    {
      "name": "koboldpressmonsters",
      "label": "OGL Kobold Press Monsters",
      "system": "dnd5e",
      "type": "Actor",
      "path": "./packs/KPmonsters.db"
    },
    {
      "name": "koboldpressspells",
      "label": "OGL Kobold Press Spells",
      "system": "dnd5e",
      "type": "Item",
      "path": "./packs/KPspells.db"
    }
  ],
  "compatibility": { "minimum": "9", "verified": "10", "maximum": "11" }
}
