{"_id":"Btest","name":"Shadow’s Brand","type":"spell","img":"icons/magic/symbols/rune-sigil-black-pink.webp","effects":[],"folder":null,"sort":0,"flags":{"midi-qol":{"effectActivation":false},"midiProperties":{"nodam":false,"fulldam":false,"halfdam":false,"rollOther":false,"critOther":false,"magicdam":false,"magiceffect":false,"concentration":false,"toggleEffect":false}},"system":{"description":{"value":"<p>You draw a rune or inscription no larger than your hand on the target. The target must succeed on a <strong>Constitution saving throw</strong> or be branded with the mark on a location of your choosing. </p>\n<p>The brand appears as an unintelligible mark to most creatures. Those who understand the Umbral language recognize it as a mark indicating the target is an enemy of the shadow fey. Shadow fey who view the brand see it outlined in a faint glow. The brand can be hidden by mundane means, such as clothing, but it can be removed only by the remove curse spell.</p>\n<p>While branded, the target has disadvantage on ability checks when interacting socially with shadow fey.</p>\n<hr />\n<p><em>Spell List: Bard, Cleric, Ranger, Sorcerer, Warlock, Wizard</em></p>\n<hr />\n<p> </p>","chat":"","unidentified":""},"source":"Tome of Heroes, pg. 303","activation":{"type":"action","cost":1,"condition":""},"duration":{"value":null,"units":"spec"},"target":{"value":1,"width":null,"units":"","type":"creature"},"range":{"value":null,"long":null,"units":"touch"},"uses":{"value":null,"max":"","per":""},"consume":{"type":"","target":"","amount":null},"ability":"","actionType":"save","attackBonus":0,"chatFlavor":"","critical":{"threshold":null,"damage":""},"damage":{"parts":[],"versatile":""},"formula":"","save":{"ability":"con","dc":null,"scaling":"spell"},"level":2,"school":"nec","components":{"value":"","vocal":false,"somatic":true,"material":false,"ritual":false,"concentration":false},"materials":{"value":"","consumed":false,"cost":0,"supply":0},"preparation":{"mode":"prepared","prepared":false},"scaling":{"mode":"none","formula":""}},"ownership":{"default":0,"zcd6ysD7kQUf1IdJ":3},"_stats":{"systemId":"dnd5e","systemVersion":"2.0.2","coreVersion":"10.284","createdTime":null,"modifiedTime":1662308985819,"lastModifiedBy":"mWtR1A3fPyv22Zdv"}}